id,concept_name,ts_code,name
TS200,网络直播,000061.SZ,农产品
TS200,网络直播,000541.SZ,佛山照明
TS200,网络直播,000564.SZ,供销大集
TS200,网络直播,000829.SZ,天音控股
TS200,网络直播,000839.SZ,中信国安
TS200,网络直播,000861.SZ,海印股份
TS200,网络直播,000882.SZ,华联股份
TS200,网络直播,002103.SZ,广博股份
TS200,网络直播,002127.SZ,南极电商
TS200,网络直播,002131.SZ,利欧股份
TS200,网络直播,002187.SZ,广百股份
TS200,网络直播,002264.SZ,新华都
TS200,网络直播,002269.SZ,美邦服饰
TS200,网络直播,002277.SZ,友阿股份
TS200,网络直播,002291.SZ,星期六
TS200,网络直播,002292.SZ,奥飞娱乐
TS200,网络直播,002344.SZ,海宁皮城
TS200,网络直播,002345.SZ,潮宏基
TS200,网络直播,002396.SZ,星网锐捷
TS200,网络直播,002397.SZ,梦洁股份
TS200,网络直播,002416.SZ,爱施德
TS200,网络直播,002445.SZ,*ST中南
TS200,网络直播,002467.SZ,二六三
TS200,网络直播,002494.SZ,华斯股份
TS200,网络直播,002503.SZ,搜于特
TS200,网络直播,002517.SZ,恺英网络
TS200,网络直播,002615.SZ,哈尔斯
TS200,网络直播,002699.SZ,美盛文化
TS200,网络直播,002726.SZ,龙大肉食
TS200,网络直播,002830.SZ,名雕股份
TS200,网络直播,002875.SZ,安奈儿
TS200,网络直播,002995.SZ,天地在线
TS200,网络直播,003010.SZ,若羽臣
TS200,网络直播,300113.SZ,顺网科技
TS200,网络直播,300133.SZ,华策影视
TS200,网络直播,300144.SZ,宋城演艺
TS200,网络直播,300251.SZ,光线传媒
TS200,网络直播,300315.SZ,掌趣科技
TS200,网络直播,300329.SZ,海伦钢琴
TS200,网络直播,300413.SZ,芒果超媒
TS200,网络直播,300418.SZ,昆仑万维
TS200,网络直播,300591.SZ,万里马
TS200,网络直播,300805.SZ,电声股份
TS200,网络直播,300888.SZ,稳健医疗
TS200,网络直播,600229.SH,城市传媒
TS200,网络直播,600358.SH,*ST联合
TS200,网络直播,600398.SH,海澜之家
TS200,网络直播,600400.SH,红豆股份
TS200,网络直播,600633.SH,浙数文化
TS200,网络直播,600637.SH,东方明珠
TS200,网络直播,600652.SH,ST游久
TS200,网络直播,600712.SH,南宁百货
TS200,网络直播,600715.SH,文投控股
TS200,网络直播,600839.SH,四川长虹
TS200,网络直播,600880.SH,博瑞传播
TS200,网络直播,601360.SH,三六零
TS200,网络直播,601519.SH,大智慧
TS200,网络直播,603156.SH,养元饮品
TS200,网络直播,603189.SH,网达软件
TS200,网络直播,603330.SH,上海天洋
TS200,网络直播,603808.SH,歌力思
TS200,网络直播,603888.SH,新华网
TS200,网络直播,603898.SH,好莱客
